uid,topic,subtopic,orgName,orgNameLowerCase,orgNameSlug,orgDescription,orgUrl,resourceName,resourceNameLowerCase,resourceNameSlug,resourceDescription,resourceUrl,instanceType,locationType,digitalType,localType,ageRangeStart,ageRangeEnd,difficultyLevel,imageUrl,comesBefore,comesAfter,hasBadge,badgeClass
made-w/-code-watch-the-film,Coding,Web 101,Made w/ Code,made w/ code,made-w/-code,"Made with Code builds on our long­-standing commitment to increasing diversity in Computer Science. Since 2010 we’ve invested $40 million in organizations like Code.org, Girls Who Code, NCWIT and Black Girls Code. We are committing an additional $50 million over the next three years to further these efforts.

",https://www.madewithcode.com/,Watch the Film,watch the film,watch-the-film,Things you love are made with code,https://webmaker.org/en-US/madewithcode-meme,Recurring,Digital,Video,,9,90,Beginner,https://www.madewithcode.com/home/317BA4E5A8ED02580BE77E18B7DDD448.cache.jpg,,school-of-open-get-to-know-the-hackasaurus-xray-goggles,FALSE,
school-of-open-get-to-know-the-hackasaurus-xray-goggles,Coding,Web 101,School of Open,school of open,school-of-open,"We are a global community of volunteers providing free online courses, face-to-face workshops, and innovative training programs on the meaning, application, and impact of “openness” in the digital age. Learn how to add a Creative Commons license to your work, find free resources for classroom use, open up your research, remix a music video, and more!",http://schoolofopen.p2pu.org/,Get to Know the Hackasaurus Xray Goggles,get to know the hackasaurus xray goggles,get-to-know-the-hackasaurus-xray-goggles,"The XRay goggles make it easy to mash up and change any web page like magic. You can also create your own webpages to share with your friends, all within your browser.",https://p2pu.org/en/groups/get-to-know-the-hackasaurus-xray-goggles/content/whats-the-deal-with-the-xray-goggles/,Recurring,Digital ,Interactive Lessons,,9,90,Beginner,https://p2pu.org/media/images/projects/1/cac9b3a27ab336e905c6ffb36b18d24c_1.png,made-w/-code-watch-the-film,mozilla-webmaker-x-ray-goggles,FALSE,
mozilla-webmaker-x-ray-goggles,Coding,Web 101,Mozilla Webmaker,mozilla webmaker,mozilla-webmaker,"Make your own apps and websites

Mozilla’s free tools help you build the web while learning new skills. ",https://webmaker.org/en-US,X-ray Goggles,x-ray goggles,x-ray-goggles,Install the X-ray Goggles and get the power to view and edit the code behind any website.,https://webmaker.org/en-US/goggles,Recurring,Digital,Application,,9,90,Beginner,https://webmaker.org/img/icon-tools-xray-2x.png,school-of-open-get-to-know-the-hackasaurus-xray-goggles,instructables-create-tumblr-account,FALSE,
instructables-create-tumblr-account,Coding,Web 101,Instructables,instructables,instructables,"Instructables is a place that lets you explore, document, and share your creations",http://www.instructables.com,Create Tumblr account,create tumblr account,create-tumblr-account,10 step process to creating a Tumblr account.,http://www.instructables.com/id/How-to-Create-a-Tumblr-Account/,Recurring,Digital,Lesson,,9,90,Beginner,http://cdn.instructables.com/FGI/SQWU/HTIWJ2L3/FGISQWUHTIWJ2L3.MEDIUM.jpg,mozilla-webmaker-x-ray-goggles,brain-pop-digital-etiquette,FALSE,
brain-pop-digital-etiquette,Coding,Web 101,Brain Pop,brain pop,brain-pop,"Founded in 1999, BrainPOP creates animated, curricular content that engages students, supports educators, and bolsters achievement. Our award-winning online educational resources include BrainPOP Jr. (K-3), BrainPOP, BrainPOP Español, and, for English language learners, BrainPOP ESL. BrainPOP is also home to GameUp, an educational games portal for the classroom.",http://educators.brainpop.com,Digital Etiquette,digital etiquette,digital-etiquette,"In this educational animated movie about Technology learn about online manners, courtesy, respect, the internet, and trolls.",https://www.brainpop.com/technology/freemovies/digitaletiquette/,Recurring,Digital,Animation,,11,90,Beginner,https://cdn.brainpop.com/topics/digitaletiquette/screenshot3.png,instructables-create-tumblr-account,brain-pop-digital-etiquette-quiz,FALSE,
brain-pop-digital-etiquette-quiz,Coding,Web 101,Brain Pop,brain pop,brain-pop,"Founded in 1999, BrainPOP creates animated, curricular content that engages students, supports educators, and bolsters achievement. Our award-winning online educational resources include BrainPOP Jr. (K-3), BrainPOP, BrainPOP Español, and, for English language learners, BrainPOP ESL. BrainPOP is also home to GameUp, an educational games portal for the classroom.",http://educators.brainpop.com,Digital Etiquette Quiz,digital etiquette quiz,digital-etiquette-quiz,"Quiz, testing your knoweldge after watching  educational animated movie about Technology learn about online manners, courtesy, respect, the internet, and trolls.",https://www.brainpop.com/technology/freemovies/digitaletiquette/quiz/,Recurring,Digital,Quiz,,11,90,Beginner,http://www.brainpop.com/educators/blog/wp-content/uploads/2010/08/sep_digital_citizenship.jpg,brain-pop-digital-etiquette,girl-develop-it!-introduction-to-web-concepts,FALSE,
girl-develop-it!-introduction-to-web-concepts,Coding,Web 101,Girl Develop It!,girl develop it!,girl-develop-it!,Girl Develop It is a nonprofit organization that provides affordable programs for adult women interested in learning web and software development in a judgment-free environment. ,https://www.girldevelopit.com,Introduction to Web Concepts,introduction to web concepts,introduction-to-web-concepts,"Girl Develop It materials are built by our community, which is made up of industry-leading technologists, instructors, and leaders. All curriculum developed by GDI can be licensed under fair use Creative Commons Attribution-NonCommercial-ShareAlike 4.0 International (CC BY-NC-SA 4.0). You are free to share and adapt these materials",https://www.girldevelopit.com/materials/intro-web,Recurring,Digital,Tutorial ,,11,90,Beginner,http://elainestephenson.com/wp-content/uploads/2014/10/GirlDevIt.jpg,brain-pop-digital-etiquette-quiz,mozilla-webmaker--make-a-meme,FALSE,
mozilla-webmaker--make-a-meme,Coding,Web 101,Mozilla Webmaker ,mozilla webmaker ,mozilla-webmaker-,"Make your own apps and websites

Mozilla’s free tools help you build the web while learning new skills. ",https://webmaker.org/en-US,Make a meme,make a meme,make-a-meme,"A “meme” is something that’s shared on the internet, and it usually has three parts: a picture, a caption, and a dash of humor. In this activity, you’ll make your own meme using a bit of HTML and your own creativity. Thimble, Mozilla’s code editor, makes it easy.",https://webmaker.org/en-US/madewithcode-meme,Recurring,Digital,Interactive,,11,90,Beginner,https://webmaker.org/img/logo.png,girl-develop-it!-introduction-to-web-concepts,girl-develop-it!-web-accessibility,FALSE,
girl-develop-it!-web-accessibility,Coding,Webmaking,Girl Develop It!,girl develop it!,girl-develop-it!,Girl Develop It is a nonprofit organization that provides affordable programs for adult women interested in learning web and software development in a judgment-free environment. ,https://www.girldevelopit.com,Web Accessibility,web accessibility,web-accessibility,"Web accessibility has traditionally described the process of enhancing websites for people with disabilities. This two-hour workshop covers the basics of developing with accessibility in mind—and building a better web experience for everyone.
",https://www.girldevelopit.com/materials/intro-web,Recurring,Digital,Tutorial,,11,90,Beginner,http://elainestephenson.com/wp-content/uploads/2014/10/GirlDevIt.jpg,mozilla-webmaker--make-a-meme,girl-develop-it!-html-intro,FALSE,
girl-develop-it!-html-intro,Coding,Webmaking,Girl Develop It!,girl develop it!,girl-develop-it!,Girl Develop It is a nonprofit organization that provides affordable programs for adult women interested in learning web and software development in a judgment-free environment. ,https://www.girldevelopit.com,HTML Intro,html intro,html-intro,"Girl Develop It materials are built by our community, which is made up of industry-leading technologists, instructors, and leaders. All curriculum developed by GDI can be licensed under fair use Creative Commons Attribution-NonCommercial-ShareAlike 4.0 International (CC BY-NC-SA 4.0). You are free to share and adapt these materials",https://www.girldevelopit.com/materials/html-intro,Recurring,Digital,Tutorial ,,11,90,Beginner,http://pixel.brit.co/wp-content/uploads/2013/12/girl-develop-it-learn.png,girl-develop-it!-web-accessibility,diy.org-gather-website-inspiration,FALSE,
diy.org-gather-website-inspiration,Coding,Webmaking,Diy.org,diy.org,diy.org,"DIY is a safe online community for kids to discover new skills, meet friends who are geeks just like them, and be awesome.",https://diy.org/,Gather Website Inspiration,gather website inspiration,gather-website-inspiration,"To solve this challenge, upload screenshots of your favorite pieces of web design inspiration. Visit your favorite websites. Are they beautiful? Easy to use? Are there little details that you love in particular?",https://diy.org/skills/webdesigner/challenges/840/gather-website-inspiration,Recurring,Digital,Lesson,,11,22,Beginner,https://d1973c4qjhao9m.cloudfront.net/patches/webdesigner_143x165.png,girl-develop-it!-html-intro,p2pu-webmaking-101,FALSE,
p2pu-webmaking-101,Coding,Webmaking,P2PU,p2pu,p2pu,"At P2PU, people work together to learn a particular topic by completing tasks, assessing individual and group work, and providing constructive feedback.",https://p2pu.org,Webmaking 101,webmaking 101,webmaking-101,"Learn basic HTML and build your first webpage from scratch.

Embark on a set of Challenges that will help you understand how basic HTML elements work, and guide you through using the tools to create your first webpage from scratch.",https://p2pu.org/en/groups/webmaking-101-introduce-yourself/,Recurring,Digital,Tutorial,,11,90,Beginner,https://p2pu.org/media/images/projects/1/b09e0f69eb66768817aa11513219bdc0_1.png,diy.org-gather-website-inspiration,codecademy-make-a-website,FALSE,
codecademy-make-a-website,Coding,Webmaking,Codecademy,codecademy,codecademy,"Learn to code interactively, for free.",http://www.codecademy.com/,Make a Website,make a website,make-a-website,Build a recent version of Airbnb's home page and learn the fundamentals of web development in the process. ,http://www.codecademy.com/skills/make-a-website,Recurring,Digital,Application,,11,90,Beginner,http://i.ytimg.com/vi/zl4hUZuYBCg/maxresdefault.jpg,p2pu-webmaking-101,assemble-make-it!,TRUE,
assemble-make-it!,Coding,Webmaking,assemble,assemble,assemble,"Assemble is an urban, open, physical space where artists, technologists, and makers of all kinds meet to collaborate and present experimental learning processes to the neighborhood and expanding demographics. Goals for the endeavor include opening creative processes and inspiring confidence through making.
",http://assemblepgh.org,Make It!,make it!,make-it!,"Make It! is an opportunity for learners to develop a a device or creation that is completely unique! Working through soft, hard, and smart materials, participants become familiar with skills such as sewing, robotics, animation, and more. Guided activities and collaborative work ensure that learners always have someone to ask for help, while also developing their personal areas of expertise. An essential component of Make It! is prototyping and reflection--learning from mistakes to improve the design. All participants will understand the design process by the end of the program, as well as having their own creation to take home!",http://pghcityoflearning.org/workshop-detail?id=6777,Multiple,Local,,Workshop,11,14,Intermediate,https://www.filepicker.io/api/file/raISjHCoQaORAFmy5oJF,codecademy-make-a-website,webmaker-training-html-basics,FALSE,
webmaker-training-html-basics,Coding,Webmaking,Webmaker Training,webmaker training,webmaker-training,"Join anytime. Learn at your own pace. Connect with our global community helping one another teach web literacy, digital skills and open practices. Learn how to #TeachTheWeb.",https://training.webmakerprototypes.org/en/,HTML Basics,html basics,html-basics,"HTML isn't scary or hard to learn. In fact it's really easy. You probably already know quite a bit of HTML, but you're just not aware that you do. We think the best way to learn HTML is to remix someone else's work, but this module can help you understand why things work the way they do.
",https://training.webmakerprototypes.org/en/onlinepresence/concepts/,Recurring,Digital,Interactive Lessons,,13,90,Intermediate,https://training.webmakerprototypes.org/img/html-basic.png,assemble-make-it!,w3-schools-html5-tutorial,FALSE,
w3-schools-html5-tutorial,Coding,Webmaking,W3 Schools,w3 schools,w3-schools,THE WORLD'S LARGEST WEB DEVELOPER SITE,ww.w3schools.com,HTML5 Tutorial,html5 tutorial,html5-tutorial,"With HTML you can create your own Web site.

This tutorial teaches you everything about HTML.

HTML is easy to learn - You will enjoy it.",http://www.w3schools.com/html/default.asp,Recurring,Digital,Tutorial,,13,90,Intermediate,http://www.w3schools.com/html/pic_html5.gif,webmaker-training-html-basics,webmaker-training-building-on-the-web,FALSE,
webmaker-training-building-on-the-web,Coding,Webmaking,Webmaker Training,webmaker training,webmaker-training,"Join anytime. Learn at your own pace. Connect with our global community helping one another teach web literacy, digital skills and open practices. Learn how to #TeachTheWeb.",https://training.webmakerprototypes.org/en/,Building on the Web,building on the web,building-on-the-web,Make to learn tech skills and concepts.,https://training.webmakerprototypes.org/en/building/make/,Recurring,Digital,Interactive Lessons,,13,90,Intermediate,https://training.webmakerprototypes.org/img/building-360px.jpg,w3-schools-html5-tutorial,tumblr-theme-garden,FALSE,
tumblr-theme-garden,Coding,Webmaking,Tumblr,tumblr,tumblr,Microblogging platform and social networking website ,https://www.tumblr.com,Theme Garden,theme garden,theme-garden,"hundreds of beautiful themes, Install and customize your theme in editor. ",https://www.tumblr.com/themes/,Recurring,Digital,Resource,,13,90,Intermediate,http://erikaworld.com/wp-content/uploads/2014/11/tumblr-template-5bdyi7px.jpg,webmaker-training-building-on-the-web,codecademy-make-an-interactive-website,FALSE,
codecademy-make-an-interactive-website,Coding,Webmaking,Codecademy,codecademy,codecademy,"Learn to code interactively, for free.",http://www.codecademy.com/,Make an interactive Website,make an interactive website,make-an-interactive-website,Build the Flipboard home page and learn how to add interactivity to your website. ,http://www.codecademy.com/skills/make-an-interactive-website,Recurring,Local,Application,,13,90,Intermediate,http://www.aaronsnowberger.com/wp-content/uploads/2013/11/JavaScript2.png,tumblr-theme-garden,webmaker-tools-thimble,FALSE,
webmaker-tools-thimble,Coding,Webmaking,Webmaker Tools,webmaker tools,webmaker-tools,Create and remix the web with free Webmaker tools.,https://webmaker.org/en-US/tools,Thimble,thimble,thimble,"Thimble makes it ridiculously simple to create and share your own web pages. Write and edit HTML and CSS right in your browser, then instantly preview your work. Host and share your finished projects with a single click. Perfect for beginners and experts alike.",https://webmaker.org/en-US/tools,Recurring,Digital,Interface,,11,90,Intermediate,https://webmaker.org/img/icon-tools-thimble-2x.png,codecademy-make-an-interactive-website,girl-develop-it!-intermediate-html/css,FALSE,
girl-develop-it!-intermediate-html/css,Coding,Webmaking,Girl Develop It!,girl develop it!,girl-develop-it!,Girl Develop It is a nonprofit organization that provides affordable programs for adult women interested in learning web and software development in a judgment-free environment. ,https://www.girldevelopit.com,Intermediate HTML/CSS,intermediate html/css,intermediate-html/css,"Girl Develop It materials are built by our community, which is made up of industry-leading technologists, instructors, and leaders. All curriculum developed by GDI can be licensed under fair use Creative Commons Attribution-NonCommercial-ShareAlike 4.0 International (CC BY-NC-SA 4.0). You are free to share and adapt these materials",https://www.girldevelopit.com/materials/inter-html,Recurring,Digital,Tutorial ,,11,90,Intermediate,http://elainestephenson.com/wp-content/uploads/2014/10/GirlDevIt.jpg,webmaker-tools-thimble,tumblr-how-to-create-a-custom-html-theme,FALSE,
tumblr-how-to-create-a-custom-html-theme,Coding,Webmaking,Tumblr,tumblr,tumblr,Microblogging platform and social networking website ,https://www.tumblr.com,How to create a custom HTML theme,how to create a custom html theme,how-to-create-a-custom-html-theme,"Want to create a custom look for your blog? If you’re comfortable hand-coding HTML, then you’ve come to the right place!",https://www.tumblr.com/docs/en/custom_themes,Recurring,Digital,Tutorial,,13,90,Advanced,http://38.media.tumblr.com/tumblr_metd9h1xk31qzcnez.png,girl-develop-it!-intermediate-html/css,appshed-academy,FALSE,
appshed-academy,Coding,Appmaking,Appshed,appshed,appshed,"AppShed allows people to become creators of technology, not just consumers.",http://appshed.com/,Academy,academy,academy,"Use the comprehensive video tutorials covering all the basics of creating apps. Step-by-step instructions show you how to create screens, add galleries and maps, and much more more.",http://appshed.com/help/getting-started-tutorials,Recurring,Digital,Video Tutorial,,11,90,Beginner,http://appshed.com/images/academy.png,tumblr-how-to-create-a-custom-html-theme,"stem-advanced
technologies
for-kids
-mobile-app-design",FALSE,
"stem-advanced
technologies
for-kids
-mobile-app-design",Coding,Appmaking,"STEM Advanced
Technologies
For Kids
","stem advanced
technologies
for kids
","stem-advanced
technologies
for-kids
",Kids love to learn and we are committed to offer them new and exciting programs every year.,http://www.pittsburgh.camp/#!about/cjn9,Mobile App Design,mobile app design,mobile-app-design,"Students will learn how to create a simple mobile app, starting from scratch and ending with a real working app on the mobile device of their choice (iPhone, iPad, Android smartphones and tablets, Windows-based smartphones and tablets). Some notable apps from previous years: a collection of yummy recipes, a color guide for painters and an app that maintained an inventory of student's Lego sets. Here is the chance to start working on the next viral app that could be downloaded by millions of users worldwide!",http://www.pittsburgh.camp/#!2015-summer-camps/cqf0,Recurring,Digital,Workshop,,9,14,Intermediate,http://static.wixstatic.com/media/91aacd846f47f5275b4c59ae9ad14153.jpg_srz_p_541_382_75_22_0.50_1.20_0.00_jpg_srz,appshed-academy,grow-a-generation-mobile-app-development,FALSE,
grow-a-generation-mobile-app-development,Coding,Appmaking,Grow a Generation,grow a generation,grow-a-generation,,http://www.growageneration.com,Mobile App Development,mobile app development,mobile-app-development,"The Mobile App Development Camp will focus on developing apps for the Andriod and the preparing a team to compete in the Verizon Innovative App Challenge. Camp participants will receive the skills and knowledge needed to create their own apps, such as: MIT App Inventor Software, User interface design principles, Mobile application design and development considerations, Android app construction, and User interface design to improve usability. No prior programming experience needed. All levels encouraged to come!",http://www.growageneration.com/grow-a-gen-labs/upcoming-events/summer-cwnc/mobile-app-development-grades-9-12/,Multiple,Local,Application,Workshop,12,18,Intermediate,http://www.ellencavanaugh.com/wp-content/uploads/2014/08/website-banner-8-8-14.jpg,"stem-advanced
technologies
for-kids
-mobile-app-design",id-tech-intro-to-programming-with-scratch-&-javascript,FALSE,
id-tech-intro-to-programming-with-scratch-&-javascript,Coding,Webmaking,ID Tech,id tech,id-tech,"Our summer computer camps for kids, pre-teens, and teens are segmented by course and age. Teens will study, socialize and eat with other teens, but may be in the vicinity of younger students during lab time. Yes, we’re a tech camp, but we do not sit in front of digital devices all day. We provide a well-balanced, fun summer camp experience that is age-appropriate for kids, pre-teens, and teens. Imagine a small group learning environment where the curriculum is tailored to you. A place where you build critical 21st century STEM (Science, Technology, Engineering, and Math) skills in intimate clusters of just 8 students maximum per instructor, and collaborate with new friends.",https://www.idtech.com/about-id/our-story/,Intro to Programming with Scratch & JavaScript,intro to programming with scratch & javascript,intro-to-programming-with-scratch-&-javascript,"Ease into object-oriented programming concepts with Scratch (a project of the MIT Media Lab), creating stories and interactive adventures with stackable code blocks. Your next stop will be an introduction to JavaScript, one of the most powerful languages used for internet apps. Complete fun challenges throughout the week, and get a taste for real-world programming. Take breaks with supervised outside play, sports, and techtivities.",https://www.idtech.com/locations/pennsylvania-summer-camps/pittsburgh/id-tech-carnegie-mellon-university/#courses-dates,Multiple,Local,,Workshop,10,12,Intermediate,https://media.idtech.com/pulse-prod/courseimages/icon_video_aprg_s.png,grow-a-generation-mobile-app-development,lifelong-kindergarten-group-at-the-mit-media-lab-scratch,FALSE,
lifelong-kindergarten-group-at-the-mit-media-lab-scratch,Coding,Webmaking,Lifelong Kindergarten Group at the MIT Media Lab,lifelong kindergarten group at the mit media lab,lifelong-kindergarten-group-at-the-mit-media-lab,"We develop new technologies that, in the spirit of the blocks and fingerpaint of kindergarten, expand the range of what people can design, create, and learn. ",https://llk.media.mit.edu/,Scratch,scratch,scratch,"With Scratch, you can program your own interactive stories, games, and animations — and share your creations with others in the online community.",https://scratch.mit.edu/,Recurring,Digital,Application,,11,90,Intermediate,https://cdn.scratch.mit.edu/scratchr2/static/__d3940efba54727aee7b1313b43900506__//images/help/cat1.png,id-tech-intro-to-programming-with-scratch-&-javascript,webmaker-tools-appmaker,FALSE,
webmaker-tools-appmaker,Coding,Appmaking,Webmaker Tools,webmaker tools,webmaker-tools,Create and remix the web with free Webmaker tools.,https://webmaker.org/en-US/tools,Appmaker,appmaker,appmaker,"Appmaker is a free tool for creating personal mobile apps, even if you don't know code! Combine individual bricks to create and share custom mobile apps right in your web browser.
",https://webmaker.org/en-US/appmaker,Recurring,Local,Application,,11,90,Intermediate,https://wiki.mozilla.org/images/thumb/f/f3/Appmaker-logo-large.png/700px-Appmaker-logo-large.png,lifelong-kindergarten-group-at-the-mit-media-lab-scratch,neighborhood-learning-alliance-tech-warriors-training,FALSE,
neighborhood-learning-alliance-tech-warriors-training,Coding,Coding,Neighborhood Learning Alliance,neighborhood learning alliance,neighborhood-learning-alliance,"A joint effort involving faith-based community organizations like the Bloomfield-Garfield Corporation, Community House Church and the Hill House Association, the Neighborhood Learning Alliance works to improve education and opportunities for African-American and lower income families. ",http://www.neighborhoodlearning.org,Tech Warriors Training,tech warriors training,tech-warriors-training,"Tech Warriors are African American high school students hired and trained on STEM activities who in turn provide STEM activities to elementary school students. Over the course of 6 weeks the Warriors will be involved in computer science, design, and development arranged around the VEX IQ Robotics platform. They will also be working with elementary students to introduce and explain the concepts that they learn throughout the course of the training.",http://pghcityoflearning.org/workshop-detail?id=6787,Multiple,Local,,Workshop,14,21,Intermediate,https://www.filepicker.io/api/file/oRqIsnTRHyjGWgMNGhQ8,webmaker-tools-appmaker,computer-science-education-week-thinkersmith's-unplugged-hour-of-code-activity,TRUE,
computer-science-education-week-thinkersmith's-unplugged-hour-of-code-activity,Coding,Coding,Computer Science Education Week,computer science education week,computer-science-education-week,"Computer Science Education Week (CSEdWeek) is an annual program dedicated to inspiring K-12 students to take interest in computer science.

Originally conceived by the Computing in the Core coalition, Code.org® is producing CSEdWeek for the first time this year, held in recognition of the birthday of computing pioneer Admiral Grace Murray Hopper (December 9, 1906).",http://csedweek.org,Thinkersmith's Unplugged Hour of Code Activity,thinkersmith's unplugged hour of code activity,thinkersmith's-unplugged-hour-of-code-activity,"Use paper, pencils and everyday objects to comprehend programming.",http://csedweek.org/unplugged/thinkersmith,Recurring,Digital,Activity,,9,90,Intermediate,http://csedweek.org/unplugged/thinkersmith,neighborhood-learning-alliance-tech-warriors-training,digital-media-academy-online-fundamentals-of-programming,FALSE,
digital-media-academy-online-fundamentals-of-programming,Coding,Coding,Digital Media Academy Online,digital media academy online,digital-media-academy-online,"Our vision is to be the world leader in
innovative technology education.",https://www.digitalmediaacademy.org/dma-story/,Fundamentals of Programming,fundamentals of programming,fundamentals-of-programming,"This engaging and fun introduction to computer programming is an entertaining way to learn computer programming. Master coding exercises with the help of virtual guides and starter code. Skills are developed by using logic, performing browser-based coding exercises, watching educational videos and by completing challenges. Discover the fundamentals of programming.",https://www.digitalmediaacademy.org/dma-online/fundamentals-of-programming/,Multiple,Digital,Online Course,,11,18,Intermediate,https://dbz89ykafdtem.cloudfront.net/wp-content/uploads/2014/10/Fundamentals-Programming-main2.jpg,computer-science-education-week-thinkersmith's-unplugged-hour-of-code-activity,id-tech-java-programming,FALSE,
id-tech-java-programming,Coding,Coding,ID Tech,id tech,id-tech,"Our summer computer camps for kids, pre-teens, and teens are segmented by course and age. Teens will study, socialize and eat with other teens, but may be in the vicinity of younger students during lab time. Yes, we’re a tech camp, but we do not sit in front of digital devices all day. We provide a well-balanced, fun summer camp experience that is age-appropriate for kids, pre-teens, and teens. Imagine a small group learning environment where the curriculum is tailored to you. A place where you build critical 21st century STEM (Science, Technology, Engineering, and Math) skills in intimate clusters of just 8 students maximum per instructor, and collaborate with new friends.",https://www.idtech.com/about-id/our-story/,Java Programming,java programming,java-programming,"nlock the power of code! Learn the fundamentals of Java™—one of the most relevant, in-demand programming languages in the job market today. Java™ has many uses—from game development to business tools and 3D imaging. It is even the chosen language for the AP® Computer Science A Exam. Get ready to create your own Java™ applications!",https://www.idtech.com/locations/pennsylvania-summer-camps/pittsburgh/id-tech-carnegie-mellon-university/#courses-dates,Multiple,Local,,Workshop,13,17,Intermediate,http://imgick.oregonlive.com/home/olive-media/width620/img/kiddo_impact/photo/13822505-mmmain.jpeg,digital-media-academy-online-fundamentals-of-programming,code.org-code-combat,FALSE,
code.org-code-combat,Coding,Coding,Code.org,code.org,code.org,"Launched in 2013, Code.org® is a non-profit dedicated to expanding participation in computer science by making it available in more schools, and increasing participation by women and underrepresented students of color. Our vision is that every student in every school should have the opportunity to learn computer science. We believe computer science and computer programming should be part of the core curriculum in education, alongside other science, technology, engineering, and mathematics (STEM) courses, such as biology, physics, chemistry and algebra.",Code.org,Code Combat,code combat,code-combat,Defeat ogres to learn Python or JavaScript in this epic programming game!,http://codecombat.com/?hour_of_code=true,Recurring,Local,Game,,11,18,Intermediate,http://i.ytimg.com/vi/dCOHjERswGw/maxresdefault.jpg,id-tech-java-programming,code.org-studio-activities,FALSE,
code.org-studio-activities,Coding,Coding,Code.org,code.org,code.org,"Launched in 2013, Code.org® is a non-profit dedicated to expanding participation in computer science by making it available in more schools, and increasing participation by women and underrepresented students of color. Our vision is that every student in every school should have the opportunity to learn computer science. We believe computer science and computer programming should be part of the core curriculum in education, alongside other science, technology, engineering, and mathematics (STEM) courses, such as biology, physics, chemistry and algebra.",Code.org,Studio Activities,studio activities,studio-activities,Intro activities in Code.org Studio,http://studio.code.org/,Recurring,Local,Interactive Lessons,,6,90,Beginner,http://pixel.brit.co/wp-content/uploads/2014/09/CodeStudio1.jpg,code.org-code-combat,code.org-20-hour-intro-course,FALSE,
code.org-20-hour-intro-course,Coding,Coding,Code.org,code.org,code.org,"Launched in 2013, Code.org® is a non-profit dedicated to expanding participation in computer science by making it available in more schools, and increasing participation by women and underrepresented students of color. Our vision is that every student in every school should have the opportunity to learn computer science. We believe computer science and computer programming should be part of the core curriculum in education, alongside other science, technology, engineering, and mathematics (STEM) courses, such as biology, physics, chemistry and algebra.",Code.org,20-Hour Intro Course,20-hour intro course,20-hour-intro-course,This 20-hour course introduces core computer science and programming concepts. ,http://studio.code.org/s/20-hour,Recurring,Digital,Tutorials,,11,90,Intermediate,https://code.org/images/fit-520/logo_tall_course4.jpg,code.org-studio-activities,the-jerome-bettis-“bus-stops-here”-foundation-“the-cyber-bus”-computer-engineering-program,FALSE,
the-jerome-bettis-“bus-stops-here”-foundation-“the-cyber-bus”-computer-engineering-program,Coding,Coding,The Jerome Bettis “Bus Stops Here” Foundation,the jerome bettis “bus stops here” foundation,the-jerome-bettis-“bus-stops-here”-foundation,"The Jerome Bettis “Bus Stops Here” Foundation is dedicated to improving the overall quality of life for troubled and underprivileged inner-city youth. We accomplish this by providing financial resources, educational, mentoring, and recreational programs that will assist youth in learning to distinguish between healthy and unhealthy choices.  

 ",http://www.thebusstopsherefoundation.com,“The Cyber Bus” Computer Engineering Program,“the cyber bus” computer engineering program,“the-cyber-bus”-computer-engineering-program,"“The Cyber Bus” Computer Engineering Program-Jerome’s All Stars is a computer-building program designed to bridge the digital divide. The program engages inner-city    students in building, configuring, and programming computers. Students will learn hardware and software installation, proper terminology, and proper hardware identification, how to navigate around Windows, Word, Office Suite, PowerPoint, and Excel. Students learn to surf the Internet in a positive way that assist in their school studies. The program provides field trips, and first hand experience of college campus life.",http://www.thebusstopsherefoundation.com/programs/,Multiple,Local,,Workshop,11,18,Intermediate,http://thebusstopsherefoundation.com/images/bettis_wave.jpg,code.org-20-hour-intro-course,"women@scs
school-of-computer-science,-carnegie-mellon-university-creative-tech-nights",FALSE,
"women@scs
school-of-computer-science,-carnegie-mellon-university-creative-tech-nights",Coding,Coding,"Women@SCS
School of Computer Science, Carnegie Mellon University","women@scs
school of computer science, carnegie mellon university","women@scs
school-of-computer-science,-carnegie-mellon-university","TechNights (Creative Technology Nights for Girls) is a program focused on exposing middle school girls to creative technologies.  Using computer animation, web design, programming, robotics, and interactive medias, we hope to engage a future generation of women in technology. ",http://women.cs.cmu.edu/,Creative Tech Nights,creative tech nights,creative-tech-nights,"TechNights (Creative Technology Nights for Girls) is a program focused on exposing middle school girls to creative technologies.  Using computer animation, web design, programming, robotics, and interactive medias, we hope to engage a future generation of women in technology. ",http://women.cs.cmu.edu/technights/,Multiple,Local,,Workshops for Girls,11,15,Intermediate,http://women.cs.cmu.edu/technights/movie.jpg,the-jerome-bettis-“bus-stops-here”-foundation-“the-cyber-bus”-computer-engineering-program,microsoft-virtual-academy-hour-of-code-event-training,FALSE,
microsoft-virtual-academy-hour-of-code-event-training,Coding,Coding,Microsoft Virtual Academy,microsoft virtual academy,microsoft-virtual-academy,"Successful technologists never stop learning and great technology never stops evolving. Microsoft Virtual Academy (MVA) offers online Microsoft training delivered by experts to help technologists continually learn, with hundreds of Microsoft training courses, in 14 different languages. Our mission is to help developers, knowledgeable IT professionals and advanced students learn the latest technology, build their skills, and advance their careers. Through MVA, we offer free Microsoft training, and the entire service is hosted on Windows Azure.",http://www.microsoftvirtualacademy.com/,Hour of Code Event Training,hour of code event training,hour-of-code-event-training,Hour of Code event training delivered by Microsoft professionals.,https://www.touchdevelop.com/hourofcode2,Recurring,Digital,Video Tutorial,,11,90,Advanced,http://i.ytimg.com/vi/cE8-Yyl6caQ/maxresdefault.jpg,"women@scs
school-of-computer-science,-carnegie-mellon-university-creative-tech-nights",codecademy-python,FALSE,
codecademy-python,Coding,Coding,Codecademy,codecademy,codecademy,"Learn to code interactively, for free.",http://www.codecademy.com/,Python,python,python,"Learn to program in Python, a powerful language used by sites like YouTube and Dropbox. ",http://www.codecademy.com/en/tracks/python,Recurring,Digital,Interactive Tutorial,,11,90,Advanced,https://www.python.org/static/community_logos/python-logo-master-v3-TM-flattened.png,microsoft-virtual-academy-hour-of-code-event-training,girl-develop-it!-introduction-to-git/github,FALSE,
girl-develop-it!-introduction-to-git/github,Coding,Coding,Girl Develop It!,girl develop it!,girl-develop-it!,Girl Develop It is a nonprofit organization that provides affordable programs for adult women interested in learning web and software development in a judgment-free environment. ,https://www.girldevelopit.com,Introduction to Git/GitHub,introduction to git/github,introduction-to-git/github,Git is a popular version control allows you (and your team) to do two powerful things: collaborate and track and revert changes. This two-hour workshop covers the basics of using Git to manage software and sharing code repositories through the site GitHub,https://www.girldevelopit.com/materials/intro-git-github,Recurring,Digital,Tutorial,,11,90,Advanced,http://elainestephenson.com/wp-content/uploads/2014/10/GirlDevIt.jpg,codecademy-python,diy.org-set-up-a-virtual-machine-with-ubuntu-,FALSE,
diy.org-set-up-a-virtual-machine-with-ubuntu-,Coding,Coding,Diy.org,diy.org,diy.org,"DIY is a safe online community for kids to discover new skills, meet friends who are geeks just like them, and be awesome.",https://diy.org/,Set up a Virtual Machine with Ubuntu ,set up a virtual machine with ubuntu ,set-up-a-virtual-machine-with-ubuntu-,"A virtual machine is like a computer inside your computer. Set up a VM with Ubuntu, an open source operating system, so that you can learn the Sys Admin ropes without affecting anything on your normal computer! Upload a screenshot of your VM!",https://diy.org/skills/sysadmin/challenges/1184/set-up-a-virtual-machine-with-ubuntu,Recurring,Digital,Interactive Lessons,,11,90,Advanced,https://d1973c4qjhao9m.cloudfront.net/patches/sysadmin_143x165.png,girl-develop-it!-introduction-to-git/github,carnegie-mellon-university-school-of-computer-science-leap-@-cmu,FALSE,
carnegie-mellon-university-school-of-computer-science-leap-@-cmu,Coding,Coding,Carnegie Mellon University School of Computer Science,carnegie mellon university school of computer science,carnegie-mellon-university-school-of-computer-science,Carnegie Mellon University School of Computer Science,http://www.cs.cmu.edu/,LEAP @ CMU,leap @ cmu,leap-@-cmu,"Through special classes and guest faculty presentations, students discover the exciting and vast possibilities of computer science. Students LEAP ahead ten years in their understanding as they are exposed to the frontiers of computer science research.",http://www.cs.cmu.edu/~leap/,Multiple,Local,,Workshop,11,18,Advanced,http://www.cs.cmu.edu/~./leap/rotatingimg/leapbig2_08.jpg,diy.org-set-up-a-virtual-machine-with-ubuntu-,institute-of-play-gamekit-challenge-pack:-the-basics,FALSE,
institute-of-play-gamekit-challenge-pack:-the-basics,Gaming,Gamemaking,Institute of Play,institute of play,institute-of-play,"We create learning experiences rooted in the principles of game design—experiences that simulate real world problems, and require dynamic, well-rounded solutions. We support teachers and other learning leaders in making learning irresistible—creating for students a powerful need to know, and a hunger to learn more. We believe in making learning relevant—to the technologies that shape our kids’ lives, the passions that fuel their ambitions, and the demands of life in the 21st century.",http://www.instituteofplay.org,Gamekit Challenge Pack: The Basics,gamekit challenge pack: the basics,gamekit-challenge-pack:-the-basics,"his pack of challenges introduces  the key concepts of game design, from game goals to game mechanics.

You’ll learn to look for play in interesting places and write rules that shape that play.  Along the way you’ll start build up a good vocabulary of terms so you can easily communicate your ideas to other game designers.",http://beta.gamek.it/challenge-pack/the-basics/,Recurring,Local,Activities,,11,90,Beginner,http://beta.gamek.it/wp-content/uploads/2014/02/thebasics-small-hero2.jpg,carnegie-mellon-university-school-of-computer-science-leap-@-cmu,diy.org-make-a-pen-and-paper-game,FALSE,
diy.org-make-a-pen-and-paper-game,Gaming,Gamemaking,Diy.org,diy.org,diy.org,"DIY is a safe online community for kids to discover new skills, meet friends who are geeks just like them, and be awesome.",https://diy.org/,Make a Pen and Paper Game,make a pen and paper game,make-a-pen-and-paper-game,"Make a game using just a piece of paper, pen or pencil, and a set of rules.",https://diy.org/skills/gamedesigner/challenges/1624/make-a-pen-and-paper-game,Recurring,Digital,Activities,,9,90,Beginner,https://d1973c4qjhao9m.cloudfront.net/patches/gamedesigner_143x165.png,institute-of-play-gamekit-challenge-pack:-the-basics,diy.org-design-a-body-game,FALSE,
diy.org-design-a-body-game,Gaming,Gamemaking,Diy.org,diy.org,diy.org,"DIY is a safe online community for kids to discover new skills, meet friends who are geeks just like them, and be awesome.",https://diy.org/,Design a Body Game,design a body game,design-a-body-game,All a body game needs is a human body! They help us explore how our bodies relate to what's around them or to themselves.,https://diy.org/skills/gamedesigner/challenges/1626/design-a-body-game,Recurring,Digital,Activities,,11,18,Beginner,https://d1973c4qjhao9m.cloudfront.net/patches/gamedesigner_143x165.png,diy.org-make-a-pen-and-paper-game,carnegie-science-center--click!-spy-mission,FALSE,
carnegie-science-center--click!-spy-mission,Gaming,Game Play,Carnegie Science Center ,carnegie science center ,carnegie-science-center-,"Recipient of the 2003 National Award for Museum Service, Carnegie Science Center inspires and entertains by connecting science and technology with everyday life. In addition to providing valuable scientific experiences, Carnegie Science Center engages in outreach programs that serve Pittsburgh's diverse community. The Science Center is located on Pittsburgh's North Shore along the banks of the Ohio River and is accessible to persons with disabilities.",http://www.carnegiesciencecenter.org/,Click! Spy Mission,click! spy mission,click!-spy-mission,Play this flash mini-game designed to introduce concepts of a complete circuit,http://clickspyschool.org/NYSCI/Circuitry/,Recurring,Digital,Flash Game,,11,18,Beginner,http://clickspyschool.org/images/gameplay.png,diy.org-design-a-body-game,carnegie-science-center-click!-spy-school,FALSE,
carnegie-science-center-click!-spy-school,Gaming,Game Play,Carnegie Science Center,carnegie science center,carnegie-science-center,"Recipient of the 2003 National Award for Museum Service, Carnegie Science Center inspires and entertains by connecting science and technology with everyday life. In addition to providing valuable scientific experiences, Carnegie Science Center engages in outreach programs that serve Pittsburgh's diverse community. The Science Center is located on Pittsburgh's North Shore along the banks of the Ohio River and is accessible to persons with disabilities.",http://www.carnegiesciencecenter.org/,Click! Spy School,click! spy school,click!-spy-school,Play this flash narrative game that takes place in the headquarters of Click! Spy Agency,http://clickspyschool.org/,Recurring,Digital,Flash Game,,9,90,Beginner,http://clickspyschool.org/images/gameplay.png,carnegie-science-center--click!-spy-mission,e-line-media-gamestar-mechanic,FALSE,
e-line-media-gamestar-mechanic,Gaming,Gamemaking,E-Line Media,e-line media,e-line-media,E-Line Media is an entertainment and educational publisher harnessing the power of games to help youth thrive in a globally connected and rapidly changing world.,http://elinemedia.com/,Gamestar Mechanic,gamestar mechanic,gamestar-mechanic,"Gamestar Mechanic
uses fun, game-based quests and courses to help you learn game design and make your own video games!",http://gamestarmechanic.com/,Recurring,Digital ,Web-based,,9,90,Intermediate,http://cdn.gamestarmechanic.com/1583/images/templates/home/title.png,carnegie-science-center-click!-spy-school,cs2n-rumbleblocks,FALSE,
cs2n-rumbleblocks,Gaming,Game Play,CS2N,cs2n,cs2n,"The Computer Science Student Network (CS2N) is a collaborative research project between Carnegie Mellon University and the Defense Advanced Research Projects Agency (DARPA) designed to increase the number of students pursuing advanced Computer Science and Science, Technology, Engineering, and Mathematics (CS-STEM) degrees.",https://www.cs2n.org/,RumbleBlocks,rumbleblocks,rumbleblocks,"Help the friendly alien creature return to its spaceship.The game teaches these three basic principles:Symmetrical structures are more stable. Objects with a wider base are more stable.
Objects with a lower center of mass are more stable.
",https://www.cs2n.org/activities/engage,Recurring,Digital,Unity Game,,11,90,Intermediate,http://cloudfront.sproutfund.org/files/2014/10/CS2N-600-600x400.jpg,e-line-media-gamestar-mechanic,global-game-jam-2015-global-game-jam-games,FALSE,
global-game-jam-2015-global-game-jam-games,Gaming,Game Play,Global Game Jam,global game jam,global-game-jam,"The Global Game Jam (GGJ) is the world's largest game jam event (game creation) taking place around the world at physical locations. Think of it as a hackathon focused on game development. It is the growth of an idea that in today’s heavily connected world, we could come together, be creative, share experiences and express ourselves in a multitude of ways using video games – it is very universal. The weekend stirs a global creative buzz in games, while at the same time exploring the process of development, be it programming, iterative design, narrative exploration or artistic expression. It is all condensed into a 48 hour development cycle. The GGJ encourages people with all kinds of backgrounds to participate and contribute to this global spread of game development and creativity.",http://globalgamejam.org/2015/games,2015 Global Game Jam Games,2015 global game jam games,2015-global-game-jam-games,Play some of 1000s of games designed in 48 hours at 2015 and previous Global Game Jams.,http://globalgamejam.org/2015/games,Recurring,Digital,Games,,9,90,Intermediate,https://sites.google.com/site/pittsburghigda/_/rsrc/1418079005108/about-pigda/news/2015globalgamejam/GGJ%20Logos.png?height=180&width=320,cs2n-rumbleblocks,diy.org-make-a-board-game,FALSE,
diy.org-make-a-board-game,Gaming,Gamemaking,Diy.org,diy.org,diy.org,"DIY is a safe online community for kids to discover new skills, meet friends who are geeks just like them, and be awesome.",https://diy.org/,Make a Board Game,make a board game,make-a-board-game,"A board game has some spatial component: the board itself could be anything, a piece of cardboard, an arrangement of playing cards.",https://diy.org/skills/gamedesigner/challenges/1630/make-a-board-game,Recurring,Digital,Activities,,9,90,Intermediate,https://d28y5daoc1t3a7.cloudfront.net/ce/4fda30027f11e59c265f9aab5a4d0a/image.jpg,global-game-jam-2015-global-game-jam-games,institute-of-play-through-the-arcade,FALSE,
institute-of-play-through-the-arcade,Gaming,Game Play,Institute of Play,institute of play,institute-of-play,"We create learning experiences rooted in the principles of game design—experiences that simulate real world problems, and require dynamic, well-rounded solutions. We support teachers and other learning leaders in making learning irresistible—creating for students a powerful need to know, and a hunger to learn more. We believe in making learning relevant—to the technologies that shape our kids’ lives, the passions that fuel their ambitions, and the demands of life in the 21st century.",http://www.instituteofplay.org,Through the Arcade,through the arcade,through-the-arcade,"Explore game design through classic video games.

Since its opening in 1988, Museum of the Moving Image has been a pioneer in collecting video arcade and console games, which are on exhibit and playable by visitors. In this set of game design challenges, you will explore classic video games selected from and inspired by the Museum’s extensive collection. In each challenge you will play a classic game and make observations about how it works. Then you’ll use your new knowledge and perspective to create your own game.

These challenges explore key design concepts like space, story and programming through classics like Space Invaders, Zork, Frogger and Ms. Pacman.",http://beta.gamek.it/challenge-pack/through-the-arcade/,Recurring,Digital,Activities,,7,9,Intermediate,http://beta.gamek.it/wp-content/uploads/2014/02/moving-large-hero-copy.jpg,diy.org-make-a-board-game,code.org-make-a-flappy-game,FALSE,
code.org-make-a-flappy-game,Gaming,Gamemaking,Code.org,code.org,code.org,"Launched in 2013, Code.org® is a non-profit dedicated to expanding participation in computer science by making it available in more schools, and increasing participation by women and underrepresented students of color. Our vision is that every student in every school should have the opportunity to learn computer science. We believe computer science and computer programming should be part of the core curriculum in education, alongside other science, ",Code.org,Make a Flappy game,make a flappy game,make-a-flappy-game,"Use drag-and-drop programming to make your own Flappy Bird game, and customize it to look different (Flappy Shark, Flappy Santa, whatever). Add the game to your phone in one click.",http://studio.code.org/flappy/1,Recurring,Local,Interface,,11,90,Intermediate,http://studio.code.org/c/video_thumbnails/14.jpg,institute-of-play-through-the-arcade,"stem-advanced
technologies
for-kids
-video-game-design",FALSE,
"stem-advanced
technologies
for-kids
-video-game-design",Gaming,Gamemaking,"STEM Advanced
Technologies
For Kids
","stem advanced
technologies
for kids
","stem-advanced
technologies
for-kids
",“Enrichment beyond the classroom”,http://www.pittsburgh.camp/#!about/cjn9,Video Game Design,video game design,video-game-design,"Explore the exciting world of video games by mastering the basic game design principles - then go ahead and create your own online video game that can be played by anyone, anywhere in the world. Best of all, play your online video game anytime, even after the summer camp has ended! Use what you've learned during the camp to create more mind blowing video games later. Student skills will be assessed on the first day of camp. Based on that, each student will be encouraged to choose from among a list of game development tools (HTML5 with Canvas, MIT's Scratch platform, Javascript, Python, etc).",http://www.pittsburgh.camp/#!2015-summer-camps/cqf0,Multiple,Local,,Workshop,10,12,Intermediate,http://static.wixstatic.com/media/214ec6_6f3d0661ad796c729239772e56156ee6.png_srb_p_79_73_75_22_0.50_1.20_0.00_png_srb,code.org-make-a-flappy-game,id-tech-mobile-game-design-for-iphone-&-android,FALSE,
id-tech-mobile-game-design-for-iphone-&-android,Gaming,Gamemaking,ID Tech,id tech,id-tech,"Our summer computer camps for kids, pre-teens, and teens are segmented by course and age. Teens will study, socialize and eat with other teens, but may be in the vicinity of younger students during lab time. Yes, we’re a tech camp, but we do not sit in front of digital devices all day. We provide a well-balanced, fun summer camp experience that is age-appropriate for kids, pre-teens, and teens. Imagine a small group learning environment where the curriculum is tailored to you. A place where you build critical 21st century STEM (Science, Technology, Engineering, and Math) skills in intimate clusters of just 8 students maximum per instructor, and collaborate with new friends.",https://www.idtech.com/about-id/our-story/,Mobile Game Design for iPhone & Android,mobile game design for iphone & android,mobile-game-design-for-iphone-&-android,"What if you could design and build a game to play on your Apple® iPhone® or Android™ device? You can! With Stencyl and its user-friendly toolset, you’ll be able to build electrifying arcade-style video games. Note: If you’d like us to try to download your game to your device, it must be officially supported and updated to the latest software version. ",https://www.idtech.com/locations/pennsylvania-summer-camps/pittsburgh/id-tech-carnegie-mellon-university/#courses-dates,Multiple,Local,,Workshop,10,12,Intermediate,https://www.teenlife.com/media/uploads/listings/id-tech-camps-held-at-ucla/H8COuj7iOc%203.jpg,"stem-advanced
technologies
for-kids
-video-game-design",id-tech-adventures-in-minecraft-game-design,FALSE,
id-tech-game-programming-for-apple-ios-&-android-with-unity,Gaming,Gamemaking,ID Tech,id tech,id-tech,"Our summer computer camps for kids, pre-teens, and teens are segmented by course and age. Teens will study, socialize and eat with other teens, but may be in the vicinity of younger students during lab time. Yes, we’re a tech camp, but we do not sit in front of digital devices all day. We provide a well-balanced, fun summer camp experience that is age-appropriate for kids, pre-teens, and teens. Imagine a small group learning environment where the curriculum is tailored to you. A place where you build critical 21st century STEM (Science, Technology, Engineering, and Math) skills in intimate clusters of just 8 students maximum per instructor, and collaborate with new friends.",https://www.idtech.com/about-id/our-story/,Game Programming for Apple iOS & Android with Unity,game programming for apple ios & android with unity,game-programming-for-apple-ios-&-android-with-unity,"Design and develop your very own mobile game with the power of the Unity game development tool—the most popular tool for independent game developers. The engine is accessible to beginners, but powerful enough for professionals. The next blockbuster indie game has your name on it! Note: If you’d like us to try to download your game to your iOS® or Android™ device, it must be officially supported and updated to the latest software version.",https://www.idtech.com/locations/pennsylvania-summer-camps/pittsburgh/id-tech-carnegie-mellon-university/#courses-dates,Multiple,Local,,Workshop,13,17,Intermediate,http://media.idtech.com/uploads/2008/06/ucb2.jpg,id-tech-mobile-game-design-for-iphone-&-android,diy.org-minecrafter,FALSE,
id-tech-adventures-in-minecraft-game-design,Gaming,Gamemaking,ID Tech,id tech,id-tech,"Our summer computer camps for kids, pre-teens, and teens are segmented by course and age. Teens will study, socialize and eat with other teens, but may be in the vicinity of younger students during lab time. Yes, we’re a tech camp, but we do not sit in front of digital devices all day. We provide a well-balanced, fun summer camp experience that is age-appropriate for kids, pre-teens, and teens. Imagine a small group learning environment where the curriculum is tailored to you. A place where you build critical 21st century STEM (Science, Technology, Engineering, and Math) skills in intimate clusters of just 8 students maximum per instructor, and collaborate with new friends.",https://www.idtech.com/about-id/our-story/,Adventures in Minecraft Game Design,adventures in minecraft game design,adventures-in-minecraft-game-design,"Think Minecraft is just a video game? Think again. Create, explore, and put your problem-solving skills to the test with storyboarding and level design. Many schools—even universities—are adopting the Minecraft platform to help with reading, writing, math, and science. But let's just tell our kids it's a video game, OK? Take breaks with supervised outside play, sports, and techtivities.",https://www.idtech.com/locations/pennsylvania-summer-camps/pittsburgh/id-tech-carnegie-mellon-university/#courses-dates,Multiple,Local,,Workshop,10,12,Intermediate,https://media.idtech.com/uploads/2014/09/division__0006s_0001_iDT-Learning.jpg,id-tech-adventures-in-minecraft-game-design,gamesalad-game-salad,FALSE,
diy.org-minecrafter,Gaming,Gamemaking,Diy.org,diy.org,diy.org,"DIY is a safe online community for kids to discover new skills, meet friends who are geeks just like them, and be awesome.",https://diy.org/,Minecrafter,minecrafter,minecrafter,"Minecrafters build new worlds with virtual blocks. We take pride in defeating monsters, making structures and mastering redstone circuitry.",https://diy.org/skills/minecrafter,Recurring,Digital,Activities,,9,90,Intermediate,http://i.ytimg.com/vi/z_BtB4rUeGs/maxresdefault.jpg,diy.org-minecrafter,id-tech-mobile-game-design-for-iphone-&-android,FALSE,
gamesalad-game-salad,Gaming,Gamemaking,GameSalad,gamesalad,gamesalad,"Create games for iOS, Android, & HTML5. Drag & drop, no coding required. With over 750,000 developers and 65,000 games published, GameSalad Creator is the fastest and easiest way to create, publish and monetize your mobile games.",http://gamesalad.com/,Game Salad,game salad,game-salad,"Create games for iOS, Android, & HTML5. Drag & drop, no coding required. With over 750,000 developers and 65,000 games published, GameSalad Creator is the fastest and easiest way to create, publish and monetize your mobile games.",http://gamesalad.com/,Recurring,Digital,Platform,,11,90,Advanced,http://i.ytimg.com/vi/ot-pK8rAVE4/maxresdefault.jpg,gamesalad-game-salad,schell-games-gamesprout,FALSE,
id-tech-mobile-game-design-for-iphone-&-android,Gaming,Gamemaking,ID Tech,id tech,id-tech,"Our summer computer camps for kids, pre-teens, and teens are segmented by course and age. Teens will study, socialize and eat with other teens, but may be in the vicinity of younger students during lab time. Yes, we’re a tech camp, but we do not sit in front of digital devices all day. We provide a well-balanced, fun summer camp experience that is age-appropriate for kids, pre-teens, and teens. Imagine a small group learning environment where the curriculum is tailored to you. A place where you build critical 21st century STEM (Science, Technology, Engineering, and Math) skills in intimate clusters of just 8 students maximum per instructor, and collaborate with new friends.",https://www.idtech.com/about-id/our-story/,Mobile Game Design for iPhone & Android,mobile game design for iphone & android,mobile-game-design-for-iphone-&-android,"What if you could design and build a game to play on your Apple® iPhone® or Android™ device? You can! With Stencyl and its user-friendly toolset, you’ll be able to build electrifying arcade-style video games. Note: If you’d like us to try to download your game to your device, it must be officially supported and updated to the latest software version. ",https://www.idtech.com/locations/pennsylvania-summer-camps/pittsburgh/id-tech-carnegie-mellon-university/#courses-dates,Multiple,Local,,Workshop,10,12,Advanced,https://www.teenlife.com/media/uploads/listings/id-tech-camps-held-at-ucla/H8COuj7iOc%203.jpg,id-tech-mobile-game-design-for-iphone-&-android,remake-learning-digital-learning-tools,FALSE,
schell-games-gamesprout,Gaming,Gamemaking,Schell Games,schell games,schell-games,"Schell Games is a full-service game design and development company, which specializes in creating transformational games and innovative, interactive experiences. Founded in 2002 by world-class game designer and esteemed author Jesse Schell and located in Pittsburgh, we are the largest game studio in Pennsylvania and one of the biggest independent game studios in the country. The company crafts transformational games, or games that change people for the better. Not only do our games educate players and advocate for change, but they are fun! Our team of highly talented artists, programmers, producers and game designers is adept at creating these transformative experiences for some of the world’s most respected companies. Projects in our vast portfolio include mobile, PC, online, console, hand-held, casual and social games; interactive installations and theme park attractions; connected toys and virtual worlds.",http://www.schellgames.com/,GameSprout,gamesprout,gamesprout,"GameSprout is a place to share and build games

Help brainstorm ideas for great games, vote for the best ones, and help develop them.
",http://www.gamesprout.com/,Recurring,Digital,Platform,Workshop,10,90,Advanced,http://www.gamesprout.com/assets/logo-horizontal.png,schell-games-gamesprout,remake-learning-digital-learning-tools,FALSE,
remake-learning-digital-learning-tools,Coding + Gaming,Resources,Remake Learning,remake learning,remake-learning,"Remake Learning is a resource for the people, organizations, and ideas shaping the future of teaching and learning in the greater Pittsburgh region. Read stories about learning innovation on our blog and in the news, browse upcoming events and opportunities, and connect to resources and network members in Pittsburgh, West Virginia, and beyond.",http://remakelearning.org/,Digital Learning Tools,digital learning tools,digital-learning-tools,"Free, low-cost, and open-source learning tools that help develop new digital literacies",http://remakelearning.org/tools/,Recurring,Digital,Resources,,10,22,Advanced,http://remakelearning.org/wp-content/themes/wp-forge-v5.x.x_remakelearning_2014-09/images/logo/rml.png,remake-learning-digital-learning-tools,,FALSE,
